wave,m1,m2,m3,m4,m5,m6,s1,s2,s3,s4,s5,s6,t1,t2,t3,t4,t5,t6,date
330,1.41,NA,2.63,3.07,2.36,2.55,NA,2.84,1.44,2.61,NA,2.48,2.24,2.01,2.19,1.23,2.45,NA,2016-05-03
340,1.34571428571429,NA,2.59142857142857,3.02285714285714,2.31714285714286,2.50428571428571,NA,2.81428571428571,1.40285714285714,2.57428571428571,NA,2.43571428571429,2.14714285714286,1.96285714285714,2.13142857142857,1.21714285714286,2.42714285714286,NA,2016-05-03
350,1.32333333333333,NA,2.54,3.035,2.28833333333333,2.48166666666667,NA,2.8,1.38833333333333,2.56333333333333,NA,2.40833333333333,2.075,1.88,2.08333333333333,1.21,2.44333333333333,NA,2016-05-03
360,1.31857142857143,NA,2.53,3.12428571428571,2.30142857142857,2.52142857142857,NA,2.84,1.41,2.58285714285714,NA,2.41285714285714,2.06,1.86857142857143,2.08714285714286,1.23285714285714,2.49857142857143,NA,2016-05-03
370,1.32428571428571,2.30142857142857,2.56,3.26285714285714,2.34428571428571,2.59,1.66428571428571,2.92285714285714,1.44571428571429,2.63571428571429,2.51142857142857,2.45428571428571,2.08571428571429,1.88142857142857,2.11571428571429,1.26714285714286,2.59285714285714,1.24,2016-05-03
380,1.34857142857143,2.37142857142857,2.59571428571429,3.43857142857143,2.41714285714286,2.69,1.71,3.02,1.5,2.71428571428571,2.57857142857143,2.50857142857143,2.12857142857143,1.91428571428571,2.16714285714286,1.31571428571429,2.72142857142857,1.27285714285714,2016-05-03
390,1.38166666666667,2.43,2.62333333333333,3.57833333333333,2.46833333333333,2.77666666666667,1.74666666666667,3.105,1.53833333333333,2.76666666666667,2.63333333333333,2.55166666666667,2.13666666666667,1.92333333333333,2.205,1.35833333333333,2.82666666666667,1.30333333333333,2016-05-03
400,1.4,2.47571428571429,2.64857142857143,3.69142857142857,2.50142857142857,2.84857142857143,1.77428571428571,3.16142857142857,1.57,2.80857142857143,2.67142857142857,2.58571428571429,2.13857142857143,1.92142857142857,2.24571428571429,1.38428571428571,2.92142857142857,1.33,2016-05-03
410,1.45714285714286,2.56571428571429,2.75571428571429,3.86714285714286,2.57142857142857,2.98285714285714,1.83,3.27142857142857,1.63285714285714,2.89428571428571,2.74142857142857,2.65714285714286,2.20714285714286,1.99285714285714,2.35285714285714,1.43285714285714,3.06714285714286,1.38571428571429,2016-05-03
420,1.53428571428571,2.69,2.94142857142857,4.1,2.67714285714286,3.15857142857143,1.91,3.43571428571429,1.72857142857143,3.02285714285714,2.83857142857143,2.76285714285714,2.32285714285714,2.11,2.50714285714286,1.5,3.24,1.46,2016-05-03
430,1.61428571428571,2.84285714285714,3.18,4.38285714285714,2.81428571428571,3.36285714285714,2,3.62142857142857,1.83428571428571,3.17285714285714,2.96,2.88571428571429,2.49142857142857,2.28285714285714,2.69285714285714,1.57714285714286,3.42571428571429,1.53285714285714,2016-05-03
440,1.69857142857143,2.99428571428571,3.41428571428571,4.66428571428571,2.95428571428571,3.57142857142857,2.09285714285714,3.81428571428571,1.94571428571429,3.32285714285714,3.08285714285714,3.01428571428571,2.69857142857143,2.48285714285714,2.88142857142857,1.66285714285714,3.60142857142857,1.61142857142857,2016-05-03
450,1.78857142857143,3.13857142857143,3.61285714285714,4.92142857142857,3.08571428571429,3.76714285714286,2.19714285714286,4.01142857142857,2.05714285714286,3.46714285714286,3.20571428571429,3.14142857142857,2.94285714285714,2.70428571428571,3.06714285714286,1.75714285714286,3.77142857142857,1.69,2016-05-03
460,1.85714285714286,3.25,3.73857142857143,5.13285714285714,3.18428571428571,3.93142857142857,2.27571428571429,4.17,2.14857142857143,3.57428571428571,3.31,3.24428571428571,3.13428571428571,2.87,3.20857142857143,1.84,3.90857142857143,1.75285714285714,2016-05-03
470,1.91428571428571,3.34142857142857,3.82,5.31142857142857,3.26571428571429,4.08,2.33714285714286,4.30714285714286,2.23142857142857,3.66428571428571,3.40285714285714,3.33285714285714,3.28,2.99428571428571,3.32571428571429,1.90571428571429,4.02285714285714,1.8,2016-05-03
480,1.97571428571429,3.44,3.89714285714286,5.47857142857143,3.35285714285714,4.22428571428571,2.40714285714286,4.44714285714286,2.31714285714286,3.76285714285714,3.49857142857143,3.42714285714286,3.42428571428571,3.11571428571429,3.43714285714286,1.97,4.14714285714286,1.86,2016-05-03
490,2.06571428571429,3.56428571428571,4.02142857142857,5.67428571428571,3.46285714285714,4.39142857142857,2.48714285714286,4.60428571428571,2.41285714285714,3.87285714285714,3.60428571428571,3.53428571428571,3.62428571428571,3.31142857142857,3.58714285714286,2.04857142857143,4.29714285714286,1.93857142857143,2016-05-03
500,2.2,3.73285714285714,4.25714285714286,5.91285714285714,3.61571428571429,4.59,2.59285714285714,4.80285714285714,2.52714285714286,4.03285714285714,3.73,3.66285714285714,3.96285714285714,3.64571428571429,3.81571428571429,2.15857142857143,4.51,2.05714285714286,2016-05-03
510,2.44857142857143,4.00285714285714,4.67714285714286,6.23285714285714,3.87428571428571,4.87714285714286,2.76142857142857,5.07428571428571,2.70428571428571,4.27142857142857,3.90142857142857,3.85857142857143,4.61714285714286,4.29857142857143,4.23285714285714,2.31142857142857,4.81428571428571,2.28142857142857,2016-05-03
520,2.86625,4.41375,5.35625,6.71625,4.27875,5.29125,3.0075,5.46875,2.96,4.63875,4.14625,4.155,5.75375,5.37875,4.95625,2.535,5.3025,2.65875,2016-05-03
530,3.21571428571429,4.75,5.85857142857143,7.12142857142857,4.58857142857143,5.63142857142857,3.22,5.79714285714286,3.18142857142857,4.92857142857143,4.35857142857143,4.40571428571429,6.67428571428571,6.25857142857143,5.56142857142857,2.71,5.70571428571429,2.97571428571429,2016-05-03
540,3.38571428571429,4.96428571428571,6.08285714285714,7.31285714285714,4.85857142857143,5.90142857142857,3.35285714285714,6.02285714285714,3.34714285714286,5.09428571428571,4.48857142857143,4.57428571428571,7.12428571428571,6.70428571428571,5.84,2.83857142857143,5.89571428571429,3.13285714285714,2016-05-03
550,3.50428571428571,5.05142857142857,6.40428571428571,7.59285714285714,4.88142857142857,6.03285714285714,3.43142857142857,6.23285714285714,3.35285714285714,5.26,4.56142857142857,4.63571428571429,7.49,6.85142857142857,6.07714285714286,2.97285714285714,6.27285714285714,3.19857142857143,2016-05-03
560,3.47285714285714,5.09142857142857,6.20428571428571,7.61428571428571,4.90428571428571,6.08142857142857,3.46142857142857,6.26285714285714,3.45,5.24142857142857,4.62571428571429,4.70571428571429,7.32571428571429,6.80285714285714,6.01285714285714,2.98857142857143,6.20428571428571,3.18857142857143,2016-05-03
570,3.31375,4.97625,5.88875,7.545,4.75625,6.02625,3.4025,6.215,3.42375,5.13,4.605,4.645,6.83875,6.34875,5.75375,2.97,6.08375,3.03375,2016-05-03
580,3.19285714285714,4.87571428571429,5.62,7.46857142857143,4.62571428571429,5.98,3.38,6.17142857142857,3.4,5.04,4.58142857142857,4.59285714285714,6.45428571428571,5.97857142857143,5.52285714285714,2.94,5.97857142857143,2.92142857142857,2016-05-03
590,3.15285714285714,4.84,5.48428571428571,7.46857142857143,4.56857142857143,5.99428571428571,3.37714285714286,6.17,3.40571428571429,4.99857142857143,4.57428571428571,4.57,6.31428571428571,5.83857142857143,5.45,2.94857142857143,5.95571428571429,2.88142857142857,2016-05-03
600,3.15,4.81571428571429,5.39142857142857,7.45571428571429,4.53,6.00857142857143,3.38857142857143,6.17428571428571,3.42857142857143,4.98428571428571,4.57857142857143,4.57142857142857,6.26,5.76142857142857,5.40428571428571,2.94857142857143,5.94,2.87571428571429,2016-05-03
610,3.07875,4.73375,5.18,7.39125,4.4325,5.98,3.35375,6.12625,3.41375,4.91125,4.55125,4.52625,6.01375,5.51,5.2425,2.8975,5.84875,2.80875,2016-05-03
620,3.03142857142857,4.67142857142857,5.01,7.34857142857143,4.35571428571429,5.97142857142857,3.33,6.09285714285714,3.40857142857143,4.85571428571429,4.53285714285714,4.5,5.82285714285714,5.30857142857143,5.13,2.86142857142857,5.78285714285714,2.76142857142857,2016-05-03
630,3.03,4.66285714285714,4.93142857142857,7.36142857142857,4.33571428571429,6.01428571428571,3.33,6.1,3.42571428571429,4.84285714285714,4.54,4.50428571428571,5.78285714285714,5.24714285714286,5.12,2.86,5.75857142857143,2.75857142857143,2016-05-03
640,2.97428571428571,4.57142857142857,4.73857142857143,7.30714285714286,4.23857142857143,5.97714285714286,3.29571428571429,6.05857142857143,3.39142857142857,4.78,4.50714285714286,4.45285714285714,5.56714285714286,4.99142857142857,4.99428571428571,2.84285714285714,5.67428571428571,2.69428571428571,2016-05-03
650,2.89875,4.4725,4.50125,7.22875,4.13625,5.95875,3.245,5.9775,3.34625,4.68375,4.45625,4.39,5.275,4.66125,4.84,2.78625,5.545,2.61875,2016-05-03
660,2.79571428571429,4.32,4.22142857142857,7.08571428571429,3.96,5.86428571428571,3.16142857142857,5.82428571428571,3.27142857142857,4.56142857142857,4.36285714285714,4.28714285714286,4.92285714285714,4.25714285714286,4.59428571428571,2.64142857142857,5.38,2.51714285714286,2016-05-03
670,2.75,4.26125,4.01375,7.0025,3.88625,5.88625,3.13125,5.7375,3.26125,4.4875,4.33375,4.26,4.69,3.97375,4.50375,2.54375,5.2125,2.47875,2016-05-03
680,2.93142857142857,4.39857142857143,4.28142857142857,7.26428571428571,4.02428571428571,6.08142857142857,3.25,5.98285714285714,3.37,4.66857142857143,4.43285714285714,4.35857142857143,5.14571428571429,4.39,4.75,2.74,5.57571428571429,2.61714285714286,2016-05-03
690,3.52714285714286,5.04714285714286,5.28714285714286,7.96428571428571,4.62857142857143,6.71714285714286,3.72714285714286,6.59142857142857,3.81142857142857,5.20428571428571,4.83,4.81,6.88571428571429,6.12,5.85285714285714,3.23285714285714,6.45142857142857,3.20142857142857,2016-05-03
700,4.71625,6.17625,7.11875,9.1725,5.7625,7.78375,4.60875,7.61125,4.57375,6.19375,5.43875,5.6025,10.23,9.1875,7.85,3.90375,7.98125,4.385,2016-05-03
710,6.11,7.35285714285714,8.92571428571429,10.4471428571429,6.99285714285714,8.87571428571429,5.50428571428571,8.62714285714286,5.38142857142857,7.24571428571429,6.04714285714286,6.45285714285714,13.6871428571429,12.3471428571429,9.96285714285714,4.49285714285714,9.60428571428571,5.8,2016-05-03
720,7.7325,8.585,10.76875,11.86,8.30375,10.0675,6.345,9.6,6.1875,8.335,6.6325,7.3175,17.28875,15.6825,12.2625,5.08875,11.47,7.47125,2016-05-03
730,9.36625,9.6825,12.375,13.1225,9.5225,11.13875,7.1525,10.45125,6.96625,9.3875,7.17875,8.155,20.6325,18.70125,14.345,5.60875,13.19125,9.18625,2016-05-03
740,10.4,10.3357142857143,13.2742857142857,13.8585714285714,10.2514285714286,11.78,7.67285714285714,10.9714285714286,7.48,10.0357142857143,7.52,8.69142857142857,22.5814285714286,20.4314285714286,15.4985714285714,5.91428571428571,14.2228571428571,10.2814285714286,2016-05-03
750,10.92625,10.67625,13.6875,14.24875,10.60125,12.10375,7.9675,11.27375,7.775,10.36625,7.70875,8.98,23.5025,21.25,16.14125,6.09375,14.80125,10.855,2016-05-03
760,11.2,10.89375,13.9575,14.60875,10.81125,12.42875,8.07375,11.4225,7.91375,10.495,7.8,9.085,24.07875,21.81125,16.62375,6.22625,15.28875,11.13375,2016-05-03
770,11.4457142857143,11.0585714285714,14.1328571428571,14.7471428571429,10.9642857142857,12.6171428571429,8.31142857142857,11.5914285714286,8.09285714285714,10.72,7.92571428571429,9.27571428571429,24.5085714285714,22.07,16.8271428571429,6.31857142857143,15.5185714285714,11.3928571428571,2016-05-03
780,11.6025,11.18125,14.2475,14.9,11.07,12.77,8.43625,11.7125,8.225,10.8225,8,9.38375,24.76125,22.2875,17.01125,6.39375,15.73375,11.5525,2016-05-03
790,11.735,11.29625,14.355,15.0675,11.1575,12.93,8.53625,11.81875,8.33,10.90875,8.06375,9.46375,25.01125,22.5075,17.20375,6.4725,15.975,11.6875,2016-05-03
800,11.8725,11.41375,14.46,15.2175,11.24125,13.09,8.65,11.925,8.43875,11.0125,8.13125,9.55625,25.28125,22.72,17.38375,6.54625,16.20125,11.8225,2016-05-03
810,11.95375,11.4925,14.4925,15.36125,11.27375,13.1675,8.7,12.00625,8.51625,11.035,8.16125,9.60375,25.41625,22.8875,17.5525,6.61,16.3925,11.92,2016-05-03
820,12.06875,11.58875,14.61125,15.4825,11.3325,13.3425,8.78625,12.06625,8.56625,11.12,8.20375,9.65625,25.70625,23.0825,17.73875,6.68625,16.63125,12.03125,2016-05-03
830,12.21125,11.67375,14.70125,15.5925,11.415,13.48875,8.88875,12.125,8.64875,11.22,8.24375,9.72375,26.0025,23.27,17.88,6.735,16.78625,12.16,2016-05-03
840,12.36,11.7525,14.7875,15.6775,11.49625,13.59875,9.015,12.19,8.75125,11.325,8.29125,9.80625,26.305,23.45375,18.01375,6.79,16.91,12.30125,2016-05-03
850,12.475,11.83,14.8575,15.77875,11.55625,13.7125,9.0925,12.24,8.8275,11.39375,8.3225,9.86375,26.5625,23.635,18.155,6.84125,17.03875,12.41125,2016-05-03
860,12.58375,11.89,14.91875,15.8725,11.6025,13.81125,9.16625,12.2775,8.8925,11.45375,8.345,9.91125,26.80125,23.795,18.28625,6.885,17.17,12.5175,2016-05-03
870,12.68,11.9511111111111,14.9822222222222,15.97,11.6333333333333,13.9188888888889,9.23666666666667,12.3188888888889,8.94222222222222,11.5077777777778,8.36777777777778,9.95111111111111,27.0344444444444,23.9588888888889,18.4277777777778,6.93333333333333,17.33,12.6122222222222,2016-05-03
880,12.765,12.00875,15.03125,16.07125,11.66875,14.0125,9.30125,12.3525,8.99125,11.53875,8.38375,9.9775,27.215,24.09375,18.5575,6.9825,17.48,12.69875,2016-05-03
890,12.78625,12.0325,14.985,16.1475,11.64875,13.985,9.3125,12.3825,9.0225,11.505,8.375,9.9775,27.2125,24.13,18.64875,7.02125,17.57,12.73875,2016-05-03
900,12.8088888888889,12.0655555555556,15.0144444444444,16.2333333333333,11.6211111111111,14.0877777777778,9.29111111111111,12.3733333333333,8.99,11.4722222222222,8.34666666666667,9.94111111111111,27.3233333333333,24.2344444444444,18.7788888888889,7.07222222222222,17.77,12.7611111111111,2016-05-03
910,12.85875,12.11375,15.0475,16.31375,11.62875,14.18875,9.29625,12.38125,8.995,11.4575,8.3275,9.93,27.4175,24.305,18.88125,7.1175,17.91375,12.79875,2016-05-03
920,12.8966666666667,12.1466666666667,15.0133333333333,16.3444444444444,11.6022222222222,14.1577777777778,9.36222222222222,12.3977777777778,9.02111111111111,11.4833333333333,8.33666666666667,9.96444444444444,27.4688888888889,24.2822222222222,18.92,7.14555555555556,17.9755555555556,12.8622222222222,2016-05-03
930,12.74,12.105,14.885,16.36875,11.45875,14.0075,9.1375,12.29625,8.9625,11.2625,8.22375,9.85875,26.80625,24.0175,18.765,7.05875,17.745,12.69625,2016-05-03
940,12.6877777777778,12.0455555555556,14.7733333333333,16.2744444444444,11.2844444444444,13.99,9.09666666666667,12.1811111111111,8.74,11.2011111111111,8.1,9.70555555555556,26.8244444444444,23.8344444444444,18.7266666666667,7.09444444444444,17.8922222222222,12.6322222222222,2016-05-03
950,12.6125,11.96,14.62875,16.24375,11.22,13.9625,8.99125,12.05625,8.6475,11.13875,7.9675,9.555,26.5975,23.54125,18.5625,7.075,17.8775,12.52125,2016-05-03
960,12.6522222222222,11.8922222222222,14.5866666666667,16.2022222222222,11.1366666666667,14.08,9.00222222222222,11.9244444444444,8.52444444444444,11.0877777777778,7.86444444444444,9.42666666666667,26.8233333333333,23.4522222222222,18.5433333333333,7.13555555555556,18.02,12.5066666666667,2016-05-03
970,12.7333333333333,11.93,14.5255555555556,16.2277777777778,11.2066666666667,14.0533333333333,9.09444444444444,11.9777777777778,8.62111111111111,11.1566666666667,7.91,9.47222222222222,26.8755555555556,23.46,18.5477777777778,7.13222222222222,17.9655555555556,12.5877777777778,2016-05-03
980,12.83625,12.01875,14.6375,16.25875,11.24125,14.13125,9.1575,11.9725,8.68,11.21,7.96125,9.57375,27.0825,23.5725,18.60375,7.17,18.0475,12.68125,2016-05-03
990,12.85,12.115,14.695,16.27,11.34,14.205,9.265,12.095,8.81,11.345,8.055,9.69,27.165,23.545,18.605,7.18,17.98,12.72,2016-05-03
1000,12.9566666666667,12.2433333333333,14.8233333333333,16.28,11.4666666666667,14.2633333333333,9.34666666666667,12.1966666666667,8.94333333333333,11.44,8.13,9.81333333333333,27.44,23.8133333333333,18.77,7.27333333333333,18.05,12.85,2016-05-03
1010,13.0933333333333,12.41,15.02,16.3566666666667,11.6133333333333,14.4166666666667,9.47333333333333,12.3466666666667,9.1,11.5966666666667,8.24,9.97666666666667,27.8133333333333,24.14,19.0333333333333,7.38,18.2633333333333,13.0233333333333,2016-05-03
1020,13.205,12.545,15.16,16.405,11.73,14.49,9.585,12.49,9.25,11.715,8.34,10.105,28.115,24.41,19.26,7.465,18.4,13.17,2016-05-03
1030,13.2966666666667,12.6433333333333,15.2666666666667,16.45,11.8266666666667,14.5933333333333,9.67666666666667,12.58,9.37333333333333,11.7966666666667,8.41,10.21,28.3733333333333,24.64,19.4233333333333,7.52666666666667,18.4766666666667,13.2866666666667,2016-05-03
1040,13.39,12.74,15.385,16.515,11.93,14.7,9.76,12.65,9.47,11.865,8.475,10.295,28.635,24.89,19.615,7.595,18.625,13.41,2016-05-03
1050,13.48,12.82,15.4666666666667,16.5533333333333,11.9933333333333,14.7866666666667,9.83,12.7166666666667,9.56333333333333,11.9166666666667,8.52,10.34,28.88,25.09,19.7766666666667,7.64666666666667,18.73,13.5133333333333,2016-05-03
1060,13.5533333333333,12.8833333333333,15.5266666666667,16.6033333333333,12.0333333333333,14.8733333333333,9.87333333333333,12.7533333333333,9.62,11.94,8.55333333333333,10.3766666666667,29.0966666666667,25.2966666666667,19.9466666666667,7.71,18.85,13.61,2016-05-03
1070,13.6,12.915,15.555,16.65,12.06,14.92,9.905,12.77,9.66,11.955,8.56,10.39,29.235,25.41,20.05,7.755,18.93,13.66,2016-05-03
1080,13.62,12.93,15.5366666666667,16.6366666666667,12.0533333333333,14.93,9.9,12.7666666666667,9.66,11.9266666666667,8.54,10.37,29.28,25.4566666666667,20.1066666666667,7.78333333333333,18.98,13.6866666666667,2016-05-03
1090,13.55,12.905,15.465,16.595,11.99,14.88,9.86,12.735,9.625,11.85,8.49,10.3,29.195,25.39,20.095,7.795,18.97,13.635,2016-05-03
1100,13.45,12.8566666666667,15.3466666666667,16.5,11.89,14.77,9.78333333333333,12.6966666666667,9.57333333333333,11.72,8.41333333333333,10.21,29,25.23,20.05,7.81666666666667,18.9133333333333,13.5566666666667,2016-05-03
1110,13.1966666666667,12.7333333333333,14.9633333333333,16.1566666666667,11.6866666666667,14.5033333333333,9.62333333333333,12.62,9.58666666666667,11.4566666666667,8.28,10.0833333333333,28.3333333333333,24.71,19.7233333333333,7.76666666666667,18.3933333333333,13.3266666666667,2016-05-03
1120,13.345,12.615,14.955,16.32,11.565,14.665,9.355,12.3,9.225,11.265,8.07,9.84,27.995,24.765,20.035,7.86,18.86,13.365,2016-05-03
1130,13.3166666666667,12.47,14.89,16.3266666666667,11.3,14.6133333333333,9.23666666666667,12.0633333333333,8.95333333333333,11.14,7.86333333333333,9.58666666666667,27.9066666666667,24.47,19.9633333333333,7.85666666666667,19.2733333333333,13.2633333333333,2016-05-03
1140,12.8933333333333,12.0766666666667,14.2733333333333,15.87,10.8966666666667,14.2666666666667,8.97,11.6866666666667,8.61,10.7633333333333,7.53,9.17,26.99,23.4066666666667,19.26,7.72333333333333,18.76,12.7633333333333,2016-05-03
1150,12.69,11.79,13.995,15.79,10.62,14.13,8.805,11.37,8.295,10.565,7.315,8.88,26.5,22.75,18.91,7.65,18.85,12.455,2016-05-03
1160,12.4566666666667,11.68,13.8133333333333,15.57,10.5433333333333,13.9666666666667,8.84333333333333,11.33,8.29666666666667,10.5066666666667,7.28,8.81333333333333,26.2833333333333,22.2966666666667,18.52,7.56333333333333,18.47,12.22,2016-05-03
1170,12.3433333333333,11.6666666666667,13.7133333333333,15.4666666666667,10.54,13.91,8.89666666666667,11.3633333333333,8.36333333333333,10.5166666666667,7.3,8.83333333333333,26.19,22.0633333333333,18.35,7.54333333333333,18.2166666666667,12.1166666666667,2016-05-03
1180,12.37,11.685,13.705,15.48,10.555,13.975,8.9,11.35,8.37,10.515,7.3,8.82,26.195,22.065,18.39,7.58,18.27,12.125,2016-05-03
1190,12.3766666666667,11.6966666666667,13.72,15.4833333333333,10.5666666666667,14.0033333333333,8.93666666666667,11.37,8.38666666666667,10.53,7.31,8.84,26.2466666666667,22.0533333333333,18.4066666666667,7.6,18.32,12.1333333333333,2016-05-03
1200,12.4766666666667,11.7666666666667,13.79,15.5366666666667,10.63,14.1033333333333,8.99666666666667,11.4266666666667,8.45333333333333,10.5933333333333,7.36,8.9,26.46,22.2166666666667,18.5466666666667,7.66666666666667,18.46,12.24,2016-05-03
1210,12.605,11.865,13.915,15.62,10.73,14.235,9.095,11.52,8.545,10.685,7.435,8.995,26.75,22.455,18.73,7.74,18.61,12.385,2016-05-03
1220,12.77,11.9866666666667,14.0533333333333,15.73,10.8466666666667,14.4,9.2,11.62,8.66666666666667,10.8066666666667,7.51666666666667,9.11333333333333,27.12,22.7566666666667,18.94,7.82333333333333,18.79,12.56,2016-05-03
1230,12.915,12.1,14.19,15.83,10.965,14.54,9.32,11.73,8.775,10.925,7.6,9.23,27.47,23.035,19.135,7.89,18.965,12.725,2016-05-03
1240,13.0233333333333,12.1966666666667,14.3,15.9033333333333,11.0533333333333,14.6466666666667,9.40666666666667,11.8233333333333,8.87666666666667,11.0166666666667,7.67,9.32,27.7366666666667,23.2633333333333,19.2966666666667,7.97333333333333,19.0766666666667,12.85,2016-05-03
1250,13.0933333333333,12.2766666666667,14.3666666666667,15.9433333333333,11.1166666666667,14.7166666666667,9.48,11.9166666666667,8.97333333333333,11.07,7.73333333333333,9.40333333333333,27.9333333333333,23.44,19.43,8.03333333333333,19.16,12.9533333333333,2016-05-03
1260,13.2166666666667,12.3666666666667,14.4566666666667,16.0533333333333,11.19,14.85,9.51666666666667,11.9666666666667,9.03333333333333,11.12,7.77,9.46333333333333,28.1566666666667,23.6666666666667,19.6466666666667,8.13333333333333,19.3533333333333,13.0733333333333,2016-05-03
1270,13.29,12.405,14.53,16.12,11.22,14.935,9.57,11.99,9.05,11.16,7.78,9.47,28.315,23.78,19.75,8.18,19.52,13.145,2016-05-03
1280,13.2766666666667,12.3866666666667,14.4733333333333,16.0766666666667,11.19,14.92,9.57666666666667,11.96,9.06,11.1366666666667,7.75333333333333,9.46,28.31,23.7133333333333,19.73,8.19666666666667,19.5033333333333,13.13,2016-05-03
1290,13.1666666666667,12.3,14.29,15.9466666666667,11.0533333333333,14.8233333333333,9.51666666666667,11.88,9,11.01,7.65666666666667,9.34666666666667,28.0533333333333,23.44,19.6,8.19,19.3933333333333,13.0133333333333,2016-05-03
1300,13.01,12.155,14.065,15.78,10.875,14.685,9.4,11.73,8.885,10.825,7.52,9.19,27.645,23.045,19.405,8.165,19.25,12.84,2016-05-03
1310,12.77,11.91,13.7,15.5233333333333,10.58,14.4266666666667,9.20333333333333,11.4766666666667,8.66333333333333,10.55,7.30666666666667,8.93,26.98,22.4233333333333,19.0733333333333,8.08,19.0333333333333,12.5533333333333,2016-05-03
1320,12.3333333333333,11.5133333333333,13.1033333333333,15.0433333333333,10.13,13.98,8.90333333333333,11.1066666666667,8.37666666666667,10.1266666666667,7,8.58333333333333,25.8833333333333,21.39,18.4666666666667,7.93666666666667,18.5033333333333,12.0933333333333,2016-05-03
1330,11.97,11.135,12.61,14.665,9.69,13.65,8.61,10.73,8.015,9.735,6.7,8.225,24.825,20.44,17.955,7.77,18.17,11.645,2016-05-03
1340,11.4933333333333,10.8933333333333,12.0166666666667,14.03,9.42,13.13,8.43333333333333,10.6066666666667,8.02333333333333,9.43666666666667,6.59333333333333,8.20333333333333,23.7433333333333,19.4766666666667,17.3166666666667,7.64,17.09,11.2466666666667,2016-05-03
1350,11.1066666666667,10.6366666666667,11.8133333333333,13.7033333333333,9.48666666666667,13.1466666666667,8.10666666666667,10.3066666666667,8.12333333333333,9.15666666666667,6.56666666666667,8,22.14,18.5,16.68,7.22666666666667,15.6166666666667,10.7633333333333,2016-05-03
1360,10.62,9.88,11.425,13.22,8.98,12.715,7.65,9.66,7.69,8.875,6.315,7.4,21.12,17.775,15.985,6.59,14.98,10.23,2016-05-03
1370,10.57,9.66333333333333,11.1466666666667,13.1266666666667,8.79666666666667,12.6,7.73,9.39333333333333,7.69,8.65333333333333,6.28666666666667,7.39,20.9666666666667,17.5066666666667,15.8133333333333,6.59666666666667,14.88,10.1066666666667,2016-05-03
1380,10.1166666666667,9.51666666666667,11.0166666666667,13.06,8.73333333333333,12.32,7.45,9.35333333333333,7.60666666666667,8.40666666666667,6.06666666666667,7.13666666666667,20.5933333333333,17.1266666666667,15.5766666666667,6.47333333333333,14.76,9.79666666666667,2016-05-03
1390,10.485,9.48,10.695,12.585,8.39,12.075,7.44,9.05,7.19,8.8,5.95,7.19,20.545,16.955,15.375,6.465,14.365,9.985,2016-05-03
1400,9.90666666666667,9.17666666666667,10.2533333333333,12.63,8.19333333333333,12.29,7.11666666666667,8.83,6.99666666666667,7.96,5.53666666666667,6.92333333333333,19.9233333333333,16.28,14.9566666666667,6.54,14.6766666666667,9.44333333333333,2016-05-03
1410,8.56666666666667,7.69333333333333,8.53333333333333,10.9033333333333,6.61333333333333,10.42,6.35,7.38333333333333,5.75,6.82,4.76333333333333,5.61333333333333,16.9433333333333,13.6,13.2733333333333,5.83333333333333,13.15,8.16333333333333,2016-05-03
1420,6.84666666666667,6.09333333333333,6.35333333333333,9.02,4.98333333333333,8.78,5.26666666666667,5.91,4.65666666666667,5.30333333333333,3.76666666666667,4.64,13.33,10.18,10.9933333333333,5.09,11.7866666666667,6.38333333333333,2016-05-03
1430,6.575,5.655,5.935,8.64,4.495,8.36,5.09,5.605,4.265,5.03,3.47,4.415,12.53,9.29,10.3,4.93,11.17,6.1,2016-05-03
1440,5.99333333333333,5.16666666666667,5.24666666666667,8.1,3.97,7.97,4.74333333333333,5.07666666666667,3.88666666666667,4.67333333333333,3.22666666666667,3.92666666666667,11.2066666666667,8.24,9.58666666666667,4.69333333333333,10.79,5.44,2016-05-03
1450,5.34333333333333,4.68333333333333,4.60666666666667,7.54666666666667,3.46,7.32333333333333,4.52,4.76,3.55333333333333,4.27666666666667,3,3.65333333333333,10.16,7.19333333333333,8.79666666666667,4.46333333333333,10.1333333333333,4.84666666666667,2016-05-03
1460,5.38,4.77,4.69,7.53,3.56,7.285,4.585,4.87,3.67,4.35,3.05,3.785,10.24,7.27,8.805,4.48,9.94,4.91,2016-05-03
1470,5.57,4.93666666666667,4.89333333333333,7.82666666666667,3.74333333333333,7.69,4.65333333333333,4.99,3.69666666666667,4.48333333333333,3.11666666666667,3.85,10.5233333333333,7.5,9.05666666666667,4.61666666666667,10.3166666666667,5.06,2016-05-03
1480,5.67666666666667,5.02666666666667,4.97666666666667,8.07666666666667,3.77666666666667,7.81,4.71333333333333,5.03,3.75,4.55,3.15333333333333,3.82333333333333,10.7733333333333,7.62333333333333,9.21666666666667,4.65666666666667,10.6666666666667,5.10333333333333,2016-05-03
1490,5.77666666666667,5.15333333333333,5.13333333333333,8.23,3.88666666666667,7.90666666666667,4.84333333333333,5.17666666666667,3.82666666666667,4.65333333333333,3.21,3.9,11.0833333333333,7.74666666666667,9.28333333333333,4.74333333333333,10.7733333333333,5.22333333333333,2016-05-03
1500,5.975,5.37,5.365,8.475,4.105,8.15,5,5.375,3.975,4.84,3.32,4.06,11.515,8.07,9.555,4.85,10.99,5.42,2016-05-03
1510,6.23,5.62333333333333,5.65333333333333,8.78,4.35,8.41666666666667,5.18333333333333,5.61666666666667,4.13666666666667,5.05333333333333,3.45333333333333,4.22333333333333,12.07,8.48666666666667,9.88666666666667,5,11.2933333333333,5.67333333333333,2016-05-03
1520,6.56333333333333,5.94666666666667,6.03,9.16,4.67,8.76,5.4,5.90333333333333,4.34333333333333,5.32,3.62,4.43,12.7533333333333,9.04,10.3166666666667,5.17666666666667,11.6933333333333,5.99333333333333,2016-05-03
1530,6.9,6.27666666666667,6.4,9.53333333333333,4.98666666666667,9.09666666666667,5.61,6.18666666666667,4.55333333333333,5.58333333333333,3.77666666666667,4.63666666666667,13.4533333333333,9.60666666666667,10.7666666666667,5.34666666666667,12.0966666666667,6.33333333333333,2016-05-03
1540,7.18,6.53,6.725,9.83,5.25,9.385,5.785,6.42,4.73,5.815,3.91,4.8,14.02,10.095,11.13,5.52,12.43,6.605,2016-05-03
1550,7.44666666666667,6.8,7.01666666666667,10.13,5.50666666666667,9.65333333333333,5.95333333333333,6.65333333333333,4.89,6.02333333333333,4.04,4.95666666666667,14.58,10.5466666666667,11.4733333333333,5.64,12.76,6.88,2016-05-03
1560,7.73333333333333,7.08333333333333,7.35333333333333,10.4366666666667,5.79,9.94666666666667,6.13666666666667,6.90666666666667,5.07666666666667,6.24666666666667,4.19,5.14666666666667,15.19,11.08,11.8733333333333,5.8,13.1066666666667,7.18,2016-05-03
1570,8.04666666666667,7.35666666666667,7.67666666666667,10.77,6.06666666666667,10.2533333333333,6.30333333333333,7.14333333333333,5.26,6.47666666666667,4.32,5.31333333333333,15.8,11.6,12.27,5.95666666666667,13.51,7.47666666666667,2016-05-03
1580,8.265,7.56,7.935,10.995,6.265,10.45,6.45,7.32,5.39,6.645,4.425,5.45,16.28,12.02,12.575,6.085,13.785,7.705,2016-05-03
1590,8.47333333333333,7.75666666666667,8.17333333333333,11.21,6.46,10.6633333333333,6.58666666666667,7.50666666666667,5.53666666666667,6.82,4.52333333333333,5.58333333333333,16.7466666666667,12.4,12.8566666666667,6.19333333333333,14.0333333333333,7.92666666666667,2016-05-03
1600,8.73666666666667,7.98666666666667,8.46,11.4466666666667,6.69666666666667,10.9333333333333,6.75333333333333,7.70666666666667,5.70333333333333,7.02,4.65,5.74333333333333,17.3033333333333,12.8733333333333,13.23,6.33333333333333,14.3533333333333,8.18333333333333,2016-05-03
1610,8.96,8.18333333333333,8.71333333333333,11.6766666666667,6.89333333333333,11.18,6.90666666666667,7.89333333333333,5.85333333333333,7.21,4.76,5.89,17.8266666666667,13.31,13.55,6.44666666666667,14.65,8.41333333333333,2016-05-03
1620,9.125,8.335,8.89,11.835,7.04,11.34,7.025,8.03,5.96,7.33,4.84,6,18.22,13.615,13.785,6.53,14.855,8.585,2016-05-03
1630,9.25333333333333,8.46,9.05333333333333,11.9633333333333,7.17,11.4866666666667,7.12333333333333,8.14666666666667,6.06333333333333,7.44,4.90666666666667,6.09,18.51,13.88,13.9733333333333,6.61,14.9866666666667,8.72333333333333,2016-05-03
1640,9.39666666666667,8.59333333333333,9.22333333333333,12.1066666666667,7.30666666666667,11.6533333333333,7.21333333333333,8.26,6.16333333333333,7.54,4.97,6.17333333333333,18.8233333333333,14.1333333333333,14.1833333333333,6.69333333333333,15.1633333333333,8.87,2016-05-03
1650,9.46666666666667,8.66333333333333,9.32,12.19,7.39333333333333,11.72,7.26333333333333,8.32666666666667,6.21,7.6,4.99666666666667,6.21666666666667,18.9766666666667,14.2833333333333,14.2933333333333,6.73333333333333,15.2533333333333,8.94333333333333,2016-05-03
1660,9.49,8.69,9.335,12.225,7.415,11.735,7.265,8.34,6.215,7.62,5,6.225,19.015,14.32,14.31,6.74,15.255,8.96,2016-05-03
1670,9.47,8.69,9.35666666666667,12.22,7.43666666666667,11.7233333333333,7.26666666666667,8.34333333333333,6.21666666666667,7.61666666666667,4.99333333333333,6.21666666666667,18.99,14.2933333333333,14.2833333333333,6.74,15.2166666666667,8.94,2016-05-03
1680,9.39,8.65666666666667,9.31333333333333,12.1733333333333,7.41333333333333,11.6566666666667,7.24,8.31666666666667,6.19,7.59,4.95333333333333,6.18666666666667,18.86,14.1833333333333,14.19,6.71333333333333,15.1,8.86666666666667,2016-05-03
1690,9.27,8.57666666666667,9.21666666666667,12.0766666666667,7.35666666666667,11.5533333333333,7.18,8.25666666666667,6.13333333333333,7.52,4.90333333333333,6.12666666666667,18.63,13.9933333333333,14.04,6.65666666666667,14.9266666666667,8.73333333333333,2016-05-03
1700,9.13666666666667,8.47333333333333,9.08,11.9566666666667,7.26666666666667,11.45,7.09666666666667,8.16,6.05,7.42333333333333,4.83333333333333,6.04,18.3333333333333,13.75,13.8666666666667,6.6,14.76,8.59333333333333,2016-05-03
1710,9.005,8.365,8.945,11.81,7.155,11.31,7.01,8.06,5.965,7.315,4.76,5.95,18.05,13.49,13.7,6.53,14.575,8.465,2016-05-03
1720,8.89333333333333,8.25,8.80333333333333,11.6766666666667,7.05333333333333,11.1966666666667,6.93333333333333,7.95666666666667,5.89,7.21666666666667,4.68666666666667,5.88,17.7933333333333,13.2766666666667,13.5566666666667,6.47333333333333,14.4166666666667,8.35,2016-05-03
1730,8.78333333333333,8.12333333333333,8.65666666666667,11.52,6.92333333333333,11.07,6.86666666666667,7.83333333333333,5.81666666666667,7.1,4.60333333333333,5.79333333333333,17.54,13.0433333333333,13.4166666666667,6.41333333333333,14.2533333333333,8.24333333333333,2016-05-03
1740,8.64,7.94666666666667,8.45666666666667,11.33,6.73333333333333,10.91,6.74666666666667,7.65666666666667,5.70666666666667,6.95333333333333,4.49333333333333,5.67333333333333,17.2266666666667,12.7633333333333,13.2333333333333,6.32333333333333,14.0733333333333,8.08,2016-05-03
1750,8.45,7.76,8.255,11.1,6.56,10.7,6.645,7.495,5.595,6.78,4.37,5.545,16.87,12.41,13.01,6.235,13.83,7.91,2016-05-03
1760,8.31,7.61333333333333,8.03666666666667,10.92,6.38666666666667,10.5166666666667,6.55333333333333,7.34,5.48,6.64666666666667,4.28666666666667,5.48,16.53,12.1333333333333,12.8233333333333,6.14333333333333,13.6033333333333,7.76666666666667,2016-05-03
1770,8.16333333333333,7.48333333333333,7.87,10.6833333333333,6.27333333333333,10.3633333333333,6.45666666666667,7.21333333333333,5.41,6.52,4.22333333333333,5.4,16.2433333333333,11.9033333333333,12.7033333333333,6.10333333333333,13.36,7.64,2016-05-03
1780,8.15,7.43,7.82,10.61,6.21666666666667,10.2766666666667,6.44333333333333,7.18,5.38333333333333,6.47333333333333,4.18,5.39,16.0833333333333,11.81,12.66,6.05,13.2133333333333,7.62666666666667,2016-05-03
1790,8.17666666666667,7.57,7.91,10.4966666666667,6.37,10.3033333333333,6.50333333333333,7.31666666666667,5.53333333333333,6.52333333333333,4.24333333333333,5.51666666666667,16.0666666666667,11.8433333333333,12.8333333333333,6.08333333333333,13.0466666666667,7.73,2016-05-03
1800,8.53,7.905,8.32,10.775,6.895,10.735,6.69,7.47,5.84,6.735,4.445,5.84,16.395,12.36,13.21,6.11,13.06,8.065,2016-05-03
1810,9.01333333333333,8.42666666666667,9.16333333333333,11.25,7.47,11.2366666666667,6.91333333333333,8.03666666666667,6.32666666666667,7.22,4.76666666666667,6.34333333333333,17.3933333333333,13.4766666666667,14.1133333333333,6.25666666666667,13.2133333333333,8.62,2016-05-03
1820,9.46666666666667,8.99666666666667,10.06,12.22,8.15666666666667,11.5133333333333,7.37,8.56666666666667,6.71,7.79333333333333,5.34333333333333,6.67666666666667,18.9566666666667,15.2766666666667,14.7766666666667,6.43,13.7133333333333,9.25666666666667,2016-05-03
1830,10.06,9.18333333333333,10.4833333333333,12.1066666666667,8.10666666666667,12.34,7.33666666666667,8.81,7.28666666666667,8.14666666666667,5.44,6.95333333333333,19.87,16.2633333333333,15.1433333333333,6.46333333333333,14.53,9.75333333333333,2016-05-03
1840,10.2333333333333,9.23666666666667,10.7,12.9066666666667,8.43666666666667,11.8166666666667,7.54666666666667,8.85,7.08333333333333,8.37,5.66,7.08,20.3366666666667,16.5633333333333,15.36,6.05666666666667,14.41,9.69666666666667,2016-05-03
1850,10.2,9.37,10.685,12.595,8.205,12.215,7.63,9.12,6.885,8.375,5.485,7.075,20.4,15.935,14.66,6.17,14.45,9.88,2016-05-03
1860,10.0433333333333,8.99333333333333,10.8733333333333,12.57,8.2,11.77,7.61666666666667,8.64333333333333,6.84,8.65333333333333,5.67666666666667,6.97666666666667,20.22,16.3833333333333,15.51,6.19333333333333,14.47,9.67666666666667,2016-05-03
1870,9.61666666666667,9.17333333333333,10.41,12.8033333333333,8.25333333333333,12.3833333333333,7.5,9.11,7.23333333333333,8.44666666666667,5.63,7.36666666666667,20.0166666666667,16.3433333333333,15.4266666666667,6.41666666666667,14.8133333333333,9.31333333333333,2016-05-03
1880,10.14,9.19,10.8866666666667,12.71,8.66,11.8733333333333,7.61,9.11,7.2,8.15333333333333,5.77,6.79666666666667,20.4333333333333,16.9966666666667,15.4433333333333,6.08,14.3466666666667,9.98333333333333,2016-05-03
1890,10.68,9.49,10.715,12.995,8.095,12.145,7.46,9.12,6.63,8.29,5.905,7.25,20.41,16.14,15.425,7.36,14.715,10.325,2016-05-03
1900,5.8875,5.64,3.0975,8.8725,7.9475,7.345,3.82,4.4825,6.8275,5.385,3.4875,4.2275,10.5775,10.5225,10.785,2.62,10.8525,3.5675,2016-05-03
1910,4.935,4.7475,7.035,8.4075,6.63,8.415,4.4975,1.8475,6.7925,2.885,2.4125,1.025,7.775,4.9525,7.85,1.8175,4.635,4.805,2016-05-03
1920,6.6725,3.09,3.38,10.1375,5.89,3.1175,6.1475,5.3475,6.2375,6.205,1.4125,4.0575,7.8575,3.86,9.01,3.485,6.28,7.0475,2016-05-03
1930,3.255,3.61,-0.5275,3.7775,3.185,3.8475,2.2875,2.8075,6.1075,3.5925,3.0175,2.3225,8.285,5.025,6.9675,4.2775,5.0425,2.8,2016-05-03
1940,3.27666666666667,2.66,0.853333333333333,5.66333333333333,2.85,5.34666666666667,3.01,3.69,1.56333333333333,2.30333333333333,1.26666666666667,2.99,8.14333333333333,6.73666666666667,6.59,4.24666666666667,7.06333333333333,3.21,2016-05-03
1950,4.0575,2.5825,2.035,4.5225,1.485,5.205,2.715,2.4725,2.9825,2.3675,2.1125,2.3875,6.825,4.17,6.2425,2.5725,5.2375,3.3025,2016-05-03
1960,3.3175,2.3525,1.845,4.5025,1.84,4.6575,3.075,2.4875,2.31,2.42,1.625,2.2475,5.845,3.8225,6.5025,2.6525,5.735,2.8775,2016-05-03
1970,3.0775,2.39,1.93,4.63,1.8175,5.1975,2.94,2.57,2.075,2.4575,1.7125,2.0875,6.0375,3.525,6.1025,2.7075,5.935,2.6275,2016-05-03
1980,3.235,2.51,2.0225,4.675,1.935,5.3875,3.07,2.725,2.19,2.5625,1.745,2.0775,6.17,3.775,6.1725,2.8225,6.0575,2.78,2016-05-03
1990,3.41333333333333,2.6,2.21,4.98,2.07666666666667,5.58,3.17666666666667,2.71,2.33333333333333,2.67,1.90333333333333,2.16666666666667,6.49666666666667,3.88666666666667,6.32666666666667,2.82666666666667,6.23333333333333,2.95,2016-05-03
2000,3.5225,2.7325,2.2375,5.225,2.1875,5.595,3.36,2.9125,2.44,2.9025,1.955,2.36,6.93,4.54,6.8375,2.9375,6.6225,3.1425,2016-05-03
2010,3.7475,2.965,2.6025,5.4125,2.315,5.8675,3.505,3.2225,2.5975,3.055,2.0075,2.6275,7.3175,4.8875,6.7125,3.09,6.9,3.235,2016-05-03
2020,3.7975,3.095,2.715,5.5675,2.365,6.1675,3.53,3.225,2.62,3.105,2.0575,2.395,7.315,4.655,6.9025,3.18,6.9175,3.3475,2016-05-03
2030,3.9175,3.1025,2.7525,5.795,2.4675,6.39,3.5975,3.185,2.6875,3.045,2.0925,2.5725,7.2925,4.5475,6.9625,3.1925,7.0075,3.4225,2016-05-03
2040,3.98,3.24,2.8875,5.9925,2.56,6.5,3.645,3.3025,2.74,3.105,2.1375,2.565,7.335,4.6425,7,3.245,7.08,3.46,2016-05-03
2050,3.94,3.29666666666667,3.00666666666667,6.06666666666667,2.63,6.46666666666667,3.69333333333333,3.42,2.75,3.22333333333333,2.18333333333333,2.65333333333333,7.51666666666667,4.84,7.03333333333333,3.38,7.16333333333333,3.53333333333333,2016-05-03
2060,4.04,3.4025,3.0025,6.2325,2.7025,6.475,3.705,3.43,2.76,3.2325,2.185,2.7075,7.4825,4.805,7.04,3.32,7.235,3.565,2016-05-03
2070,4.115,3.5,3.1725,6.3275,2.755,6.5975,3.745,3.5025,2.8225,3.2875,2.2125,2.64,7.5425,4.8525,7.055,3.4475,7.325,3.6225,2016-05-03
2080,4.175,3.625,3.275,6.555,2.92,6.725,3.755,3.5525,2.8475,3.37,2.2275,2.67,7.675,4.965,7.165,3.455,7.4225,3.675,2016-05-03
2090,4.3075,3.735,3.3375,6.6925,3.07,6.8675,3.825,3.6125,2.93,3.4275,2.255,2.7575,7.825,5.1075,7.2025,3.4775,7.5625,3.8225,2016-05-03
2100,4.4625,3.9,3.5775,6.8975,3.1675,6.9825,3.9325,3.79,3.0025,3.4975,2.3275,2.8525,8.08,5.3725,7.3775,3.5375,7.775,3.9425,2016-05-03
2110,4.6025,4.0575,3.7625,7.1575,3.3575,7.23,4.0225,3.94,3.06,3.67,2.4025,2.96,8.42,5.6375,7.6025,3.645,7.9375,4.0675,2016-05-03
2120,4.765,4.225,3.95,7.39,3.4625,7.3925,4.0925,4.09,3.2225,3.75,2.4975,3.025,8.74,5.895,7.8225,3.74,8.2125,4.2125,2016-05-03
2130,4.8925,4.325,4.045,7.5075,3.6025,7.515,4.18,4.165,3.275,3.825,2.52,3.0725,8.8675,5.995,7.9625,3.785,8.2525,4.345,2016-05-03
2140,5.015,4.4075,4.0725,7.635,3.69,7.5925,4.215,4.1625,3.31,3.9175,2.585,3.1675,9.0775,6.135,8.0725,3.7825,8.38,4.44,2016-05-03
2150,5.0925,4.4825,4.255,7.7575,3.74,7.7275,4.28,4.3375,3.365,3.94,2.605,3.185,9.3475,6.4175,8.2725,3.895,8.4725,4.525,2016-05-03
2160,5.205,4.5675,4.3575,7.83,3.8225,7.78,4.3025,4.3875,3.4175,4.035,2.6375,3.2625,9.61,6.5975,8.4375,3.9025,8.6325,4.6275,2016-05-03
2170,5.21,4.5825,4.365,7.8225,3.8675,7.79,4.3225,4.425,3.4975,4.05,2.62,3.2625,9.625,6.655,8.495,3.9725,8.7575,4.615,2016-05-03
2180,5.2275,4.5325,4.32,7.72,3.855,7.6825,4.2825,4.3775,3.41,4.07,2.6525,3.2475,9.73,6.61,8.5175,3.9275,8.74,4.6425,2016-05-03
2190,5.175,4.55,4.3325,7.74,3.87,7.735,4.2525,4.3425,3.4075,4.04,2.655,3.2175,9.7125,6.63,8.5025,3.8425,8.68,4.6325,2016-05-03
2200,5.206,4.53,4.374,7.718,3.792,7.674,4.282,4.328,3.436,3.942,2.588,3.242,9.804,6.636,8.57,3.916,8.666,4.63,2016-05-03
2210,5.2675,4.5475,4.3125,7.7275,3.8375,7.7975,4.3025,4.38,3.46,4.0725,2.5775,3.1925,9.7925,6.775,8.585,3.9325,8.685,4.7075,2016-05-03
2220,5.26,4.5325,4.2975,7.7325,3.7975,7.735,4.3125,4.3275,3.3775,3.9975,2.5875,3.195,9.78,6.5875,8.5275,3.905,8.6475,4.67,2016-05-03
2230,5.1725,4.4975,4.23,7.655,3.7,7.6025,4.2025,4.2625,3.3,3.9075,2.5625,3.11,9.4875,6.395,8.2825,3.7925,8.4175,4.585,2016-05-03
2240,4.915,4.39,4.09,7.6075,3.675,7.405,4.0425,4.195,3.2275,3.83,2.475,3.075,9.09,6.2175,8.035,3.775,8.1925,4.3775,2016-05-03
2250,4.7675,4.27,3.9325,7.355,3.585,7.2,3.9375,4,3.145,3.75,2.425,2.9825,8.785,5.895,7.74,3.7125,7.985,4.2075,2016-05-03
2260,4.644,4.18,3.712,7.156,3.456,7.016,3.818,3.864,3,3.51,2.286,2.84,8.34,5.646,7.5,3.616,7.688,4.1,2016-05-03
2270,4.5425,4.0225,3.605,6.9325,3.315,6.9475,3.7275,3.8275,2.975,3.48,2.285,2.7275,8.1275,5.5375,7.3675,3.455,7.5725,3.985,2016-05-03
2280,4.4625,3.9175,3.4525,6.8875,3.27,6.8575,3.6725,3.695,2.845,3.3825,2.225,2.78,7.935,5.305,7.22,3.45,7.4175,3.9075,2016-05-03
2290,4.455,3.75,3.3825,6.715,3.0825,6.7575,3.6075,3.68,2.7325,3.315,2.1525,2.69,7.7025,5.2125,7.075,3.4125,7.24,3.91,2016-05-03
2300,4.24,3.6625,3.255,6.6025,3.045,6.6475,3.56,3.5975,2.785,3.31,2.1275,2.57,7.5375,4.94,6.9425,3.3325,7.08,3.8,2016-05-03
2310,4.072,3.588,3.23,6.504,3.028,6.43,3.504,3.466,2.786,3.222,2.118,2.522,7.488,4.76,6.702,3.246,6.936,3.612,2016-05-03
2320,4.06,3.5375,3.0925,6.365,3.01,6.38,3.4025,3.415,2.64,3.1075,2.0675,2.5775,7.2875,4.8325,6.7475,3.1775,6.72,3.5175,2016-05-03
2330,3.99,3.5975,2.99,6.2675,2.8625,6.3425,3.3225,3.3125,2.505,3.0925,2.04,2.4325,7.1425,4.79,6.765,3.275,6.7475,3.57,2016-05-03
2340,3.906,3.41,2.962,6.158,2.906,6.316,3.292,3.172,2.556,2.968,1.95,2.396,7.23,4.596,6.602,3.272,6.73,3.522,2016-05-03
2350,3.965,3.38,3.0275,6.17,2.665,6.1325,3.31,3.245,2.54,3.0775,1.9375,2.415,7.105,4.635,6.6525,3.2275,6.5625,3.495,2016-05-03
2360,4.072,3.542,3.082,6.212,2.836,6.326,3.414,3.286,2.692,3.236,2.142,2.424,7.38,4.866,6.84,3.088,6.676,3.534,2016-05-03
2370,4.21,3.5875,3.1475,6.3375,2.7625,6.455,3.4975,3.26,2.795,3.015,2.11,2.485,7.54,5.1975,6.8675,3.1375,6.755,3.72,2016-05-03
2380,3.985,3.4125,3.0975,6.0825,2.7675,6.0875,3.4,3.2375,2.6075,3.11,2.0675,2.39,7.385,5.0175,6.655,3.14,6.8425,3.455,2016-05-03
2390,3.876,3.108,2.78,5.672,2.754,5.764,3.34,3.002,2.392,2.792,1.888,2.208,6.592,4.402,6.376,2.892,6.106,3.316,2016-05-03
2400,3.66,3.0375,2.555,5.5725,2.3,5.7325,3.1325,3.03,2.2625,2.88,1.9875,2.1975,6.485,4.52,6.3125,2.755,5.9125,3.0925,2016-05-03
2410,3.412,2.902,2.728,5.272,2.454,5.622,3.058,2.514,2.144,2.652,1.876,2.278,6.372,4.282,6.214,2.956,6.118,3.142,2016-05-03
2420,3.2925,2.77,2.355,5.3475,2.2325,5.77,2.8775,2.61,2.25,2.6225,1.75,1.9775,6.3,4.29,5.99,2.59,5.79,2.8675,2016-05-03
2430,3.516,2.776,2.58,5.332,2.222,5.64,2.984,2.802,2.296,2.654,1.77,2.012,6.214,4.032,6.006,2.83,5.472,3.066,2016-05-03
2440,3.615,3.2225,2.505,5.4775,2.3875,5.6475,3.5025,2.79,2.0475,2.7125,1.66,2.2175,6.3375,4.5175,5.9675,2.96,5.7525,3.3075,2016-05-03
2450,3.02,3.088,2.52,4.936,2.164,5.512,2.954,2.664,1.82,2.486,2.094,1.678,5.81,4.1,5.8,2.112,5.554,2.78,2016-05-03
2460,2.9925,2.8575,2.14,4.35,2.4225,4.675,2.24,2.4525,2.225,2.39,1.6425,1.57,5.2925,4.2825,5.4225,2.1275,5.0375,2.81,2016-05-03
2470,2.722,2.854,2.144,4.894,1.762,5.092,2.684,3.156,2.566,2.16,1.902,2.868,6.644,3.63,5.86,2.906,5.278,2.406,2016-05-03
2480,6.02,2.644,3.02,5.724,2.84,5.982,2.934,3.2,2.234,4.518,2.268,1.94,8.146,7.87,9.132,3.36,7.884,4.204,2016-05-03
2490,5.1425,3.2925,3.955,5.8875,1.57,7.8525,3.08,4.48,2.0725,4.06,2.5075,3.66,11.9425,8.4125,9.0825,4.8675,6.26,4.555,2016-05-03
2500,3.152,5.694,3.944,6.322,4.622,4.692,4.246,2.772,2.224,3.152,1.614,2.738,7.66,6.972,8.138,3.846,7.966,3.054,2016-05-03
2510,2.8325,4.6075,4.3675,8.515,4.4875,6.6825,4.885,3.525,4.8925,5.8025,1.6425,3.305,11.9525,6.41,12.8625,5.025,10.6375,4.3175,2016-05-03
2520,NA,NA,NA,NA,NA,NA,NA,NA,NA,NA,NA,NA,NA,NA,NA,NA,NA,NA,2016-05-03
